"ABDALA DE MATARAZZO, NORMA AMANDA","SANTIAGO DEL ESTERO","FRENTE CIVICO POR SANTIAGO","http://www4.hcdn.gov.ar/fotos/nabdaladem_small.jpg"
"AGUAD, OSCAR RAUL","CORDOBA","UCR","http://www4.hcdn.gov.ar/fotos/oaguad_small.jpg"
"AGUILAR, LINO WALTER","SAN LUIS","FRENTE PERONISTA","http://www4.hcdn.gov.ar/fotos/laguilar_small.jpg"
"ALBARRACIN, JORGE LUIS","MENDOZA","UCR","http://www4.hcdn.gov.ar/fotos/jalbarracin_small.jpg"
"ALBRIEU, OSCAR EDMUNDO NICOLAS","RIO NEGRO","FRENTE PARA LA VICTORIA - PJ","http://www4.hcdn.gov.ar/fotos/oalbrieu_small.jpg"
"ALFONSIN, RICARDO LUIS","BUENOS AIRES","UCR","http://www4.hcdn.gov.ar/fotos/ralfonsin_small.jpg"
"ALONSO, GUMERSINDO FEDERICO","CORDOBA","FRENTE CIVICO - CORDOBA","http://www4.hcdn.gov.ar/fotos/galonso_small.jpg"
"ALONSO, LAURA","CIUDAD de BUENOS AIRES","PRO","http://www4.hcdn.gov.ar/fotos/lalonso_small.jpg"
"ALONSO, MARIA LUZ","LA PAMPA","FRENTE PARA LA VICTORIA - PJ","http://www4.hcdn.gov.ar/fotos/malonso_small.jpg"
"ALVAREZ, ELSA MARIA","SANTA CRUZ","UCR","http://www4.hcdn.gov.ar/fotos/ealvarez_small.jpg"
"ALVAREZ, JORGE MARIO","SANTA FE","UCR","http://www4.hcdn.gov.ar/fotos/jmalvarez_small.jpg"
"AMADEO, EDUARDO PABLO","BUENOS AIRES","FRENTE PERONISTA","http://www4.hcdn.gov.ar/fotos/eamadeo_small.jpg"
"ARENA, CELIA ISABEL","SANTA FE","FRENTE PARA LA VICTORIA - PJ","http://www4.hcdn.gov.ar/fotos/carena_small.jpg"
"ARGUMEDO, ALCIRA SUSANA","CIUDAD de BUENOS AIRES","MOVIMIENTO PROYECTO SUR","http://www4.hcdn.gov.ar/fotos/aargumedo_small.jpg"
"ARREGUI, ANDRES ROBERTO","BUENOS AIRES","FRENTE PARA LA VICTORIA - PJ","http://www4.hcdn.gov.ar/fotos/aarregui_small.jpg"
"ASPIAZU, LUCIO BERNARDO","CORRIENTES","UCR","http://www4.hcdn.gov.ar/fotos/laspiazu_small.jpg"
"ASSEFF, ALBERTO EMILIO","BUENOS AIRES","FRENTE PERONISTA","http://www4.hcdn.gov.ar/fotos/aasseff_small.jpg"
"ATANASOF, ALFREDO NESTOR","BUENOS AIRES","FRENTE PERONISTA","http://www4.hcdn.gov.ar/fotos/aatanasof_small.jpg"
"AVOSCAN, HERMAN HORACIO","RIO NEGRO","FRENTE PARA LA VICTORIA - PJ","http://www4.hcdn.gov.ar/fotos/havoscan_small.jpg"
"BALCEDO, MARIA ESTER","BUENOS AIRES","FRENTE PARA LA VICTORIA - PJ","http://www4.hcdn.gov.ar/fotos/mbalcedo_small.jpg"
"BARBIERI, MARIO LEANDRO","BUENOS AIRES","UCR","http://www4.hcdn.gov.ar/fotos/mbarbieri_small.jpg"
"BARCHETTA, OMAR SEGUNDO","SANTA FE","PARTIDO SOCIALISTA","http://www4.hcdn.gov.ar/fotos/obarchetta_small.jpg"
"BARRANDEGUY, RAUL ENRIQUE","ENTRE RIOS","FRENTE PARA LA VICTORIA - PJ","http://www4.hcdn.gov.ar/fotos/rbarrandeguy_small.jpg"
"BASTERRA, LUIS EUGENIO","FORMOSA","FRENTE PARA LA VICTORIA - PJ","http://www4.hcdn.gov.ar/fotos/lbasterra_small.jpg"
"BAZZE, MIGUEL ANGEL","BUENOS AIRES","UCR","http://www4.hcdn.gov.ar/fotos/mbazze_small.jpg"
"BEDANO, NORA ESTHER","CORDOBA","FRENTE PARA LA VICTORIA - PJ","http://www4.hcdn.gov.ar/fotos/nbedano_small.jpg"
"BENEDETTI, ATILIO FRANCISCO SALVADOR","ENTRE RIOS","UCR","http://www4.hcdn.gov.ar/fotos/abenedetti_small.jpg"
"BERNAL, MARIA EUGENIA","JUJUY","FRENTE PARA LA VICTORIA - PJ","http://www4.hcdn.gov.ar/fotos/mbernal_small.jpg"
"BERTOL, PAULA MARIA","CIUDAD de BUENOS AIRES","PRO","http://www4.hcdn.gov.ar/fotos/pbertol_small.jpg"
"BERTONE, ROSANA ANDREA","TIERRA DEL FUEGO","FRENTE PARA LA VICTORIA - PJ","http://www4.hcdn.gov.ar/fotos/rbertone_small.jpg"
"BIANCHI, IVANA MARIA","SAN LUIS","FRENTE PERONISTA","http://www4.hcdn.gov.ar/fotos/ibianchi_small.jpg"
"BIANCHI, MARIA DEL CARMEN","CIUDAD de BUENOS AIRES","FRENTE PARA LA VICTORIA - PJ","http://www4.hcdn.gov.ar/fotos/mbianchi_small.jpg"
"BIDEGAIN, GLORIA","BUENOS AIRES","FRENTE PARA LA VICTORIA - PJ","http://www4.hcdn.gov.ar/fotos/gbidegain_small.jpg"
"BIELLA CALVET, BERNARDO JOSE","SALTA","UDESO SALTA","http://www4.hcdn.gov.ar/fotos/bbiellac_small.jpg"
"BLANCO DE PERALTA, BLANCA","SANTA CRUZ","FRENTE PARA LA VICTORIA - PJ","http://www4.hcdn.gov.ar/fotos/bblanco_small.jpg"
"BRAWER, MARA","CIUDAD de BUENOS AIRES","FRENTE PARA LA VICTORIA - PJ","http://www4.hcdn.gov.ar/fotos/mbrawer_small.jpg"
"BRILLO, JOSE RICARDO","NEUQUEN","MOV POP NEUQUINO","http://www4.hcdn.gov.ar/fotos/jbrillo_small.jpg"
"BRIZUELA Y DORIA DE CARA, OLGA INES","LA RIOJA","UCR","http://www4.hcdn.gov.ar/fotos/obrizueladc_small.jpg"
"BROMBERG, ISAAC BENJAMIN","TUCUMAN","FRENTE PARA LA VICTORIA - PJ","http://www4.hcdn.gov.ar/fotos/ibromberg_small.jpg"
"BROWN, CARLOS RAMON","BUENOS AIRES","FRENTE PERONISTA","http://www4.hcdn.gov.ar/fotos/cbrown_small.jpg"
"BRUE, DANIEL AGUSTIN","SANTIAGO DEL ESTERO","FRENTE CIVICO POR SANTIAGO","http://www4.hcdn.gov.ar/fotos/dbrue_small.jpg"
"BULLRICH, PATRICIA","CIUDAD de BUENOS AIRES","UNION POR TODOS","http://www4.hcdn.gov.ar/fotos/pbullrich_small.jpg"
"BURYAILE, RICARDO","FORMOSA","UCR","http://www4.hcdn.gov.ar/fotos/rburyaile_small.jpg"
"CALCAGNO, ERIC","BUENOS AIRES","FRENTE PARA LA VICTORIA - PJ","http://www4.hcdn.gov.ar/fotos/ecalcagno_small.jpg"
"CAMAÑO, GRACIELA","BUENOS AIRES","FRENTE PERONISTA","http://www4.hcdn.gov.ar/fotos/gcamano_small.jpg"
"CARDELLI, JORGE JUSTO","CIUDAD de BUENOS AIRES","MOVIMIENTO PROYECTO SUR","http://www4.hcdn.gov.ar/fotos/jcardelli_small.jpg"
"CARLOTTO, REMO GERARDO","BUENOS AIRES","FRENTE PARA LA VICTORIA - PJ","http://www4.hcdn.gov.ar/fotos/rcarlotto_small.jpg"
"CARMONA, GUILLERMO RAMON","MENDOZA","FRENTE PARA LA VICTORIA - PJ","http://www4.hcdn.gov.ar/fotos/gcarmona_small.jpg"
"CARRANZA, CARLOS ALBERTO","SANTA FE","FRENTE PERONISTA","http://www4.hcdn.gov.ar/fotos/ccarranza_small.jpg"
"CARRILLO, MARIA DEL CARMEN","TUCUMAN","FRENTE PARA LA VICTORIA - PJ","http://www4.hcdn.gov.ar/fotos/mcarrillo_small.jpg"
"CARRIO, ELISA MARIA AVELINA","CIUDAD de BUENOS AIRES","COALICION CIVICA - ARI","http://www4.hcdn.gov.ar/fotos/ecarrio_small.jpg"
"CASAÑAS, JUAN FRANCISCO","TUCUMAN","UCR","http://www4.hcdn.gov.ar/fotos/jcasanas_small.jpg"
"CASELLES, GRACIELA MARIA","SAN JUAN","FRENTE PARA LA VICTORIA - PARTIDO BLOQUISTA","http://www4.hcdn.gov.ar/fotos/gcaselles_small.jpg"
"CASTAÑON, HUGO","RIO NEGRO","UCR","http://www4.hcdn.gov.ar/fotos/hcastanon_small.jpg"
"CATALAN MAGNI, JULIO CESAR","TIERRA DEL FUEGO","FRENTE PARA LA VICTORIA - PJ","http://www4.hcdn.gov.ar/fotos/jcatalanm_small.jpg"
"CEJAS, JORGE ALBERTO","RIO NEGRO","FRENTE PARA LA VICTORIA - PJ","http://www4.hcdn.gov.ar/fotos/jcejas_small.jpg"
"CHEMES, JORGE OMAR","ENTRE RIOS","UCR","http://www4.hcdn.gov.ar/fotos/jchemes_small.jpg"
"CHIENO, MARIA ELENA PETRONA","CORRIENTES","FRENTE PARA LA VICTORIA - PJ","http://www4.hcdn.gov.ar/fotos/mchieno_small.jpg"
"CIAMPINI, JOSE ALBERTO","NEUQUEN","FRENTE PARA LA VICTORIA - PJ","http://www4.hcdn.gov.ar/fotos/aciampini_small.jpg"
"CICILIANI, ALICIA MABEL","SANTA FE","PARTIDO SOCIALISTA","http://www4.hcdn.gov.ar/fotos/aciciliani_small.jpg"
"CIGOGNA, LUIS FRANCISCO JORGE","BUENOS AIRES","FRENTE PARA LA VICTORIA - PJ","http://www4.hcdn.gov.ar/fotos/lcigogna_small.jpg"
"CLERI, MARCOS","SANTA FE","FRENTE PARA LA VICTORIA - PJ","http://www4.hcdn.gov.ar/fotos/mcleri_small.jpg"
"COMELLI, ALICIA MARCELA","NEUQUEN","MOV POP NEUQUINO","http://www4.hcdn.gov.ar/fotos/acomelli_small.jpg"
"COMI, CARLOS MARCELO","SANTA FE","COALICION CIVICA - ARI","http://www4.hcdn.gov.ar/fotos/ccomi_small.jpg"
"CONTI, DIANA BEATRIZ","BUENOS AIRES","FRENTE PARA LA VICTORIA - PJ","http://www4.hcdn.gov.ar/fotos/dconti_small.jpg"
"CONTRERA, MONICA GRACIELA","CHUBUT","FRENTE PARA LA VICTORIA - PJ","http://www4.hcdn.gov.ar/fotos/mcontrera_small.jpg"
"CORDOBA, STELLA MARIS","TUCUMAN","FRENTE PARA LA VICTORIA - PJ","http://www4.hcdn.gov.ar/fotos/scordoba_small.jpg"
"CORTINA, ROY","CIUDAD de BUENOS AIRES","PARTIDO SOCIALISTA","http://www4.hcdn.gov.ar/fotos/rcortina_small.jpg"
"COSTA, EDUARDO RAUL","SANTA CRUZ","UCR","http://www4.hcdn.gov.ar/fotos/ecosta_small.jpg"
"CREMER DE BUSTI, MARIA CRISTINA","ENTRE RIOS","FRENTE PERONISTA","http://www4.hcdn.gov.ar/fotos/mcremer_small.jpg"
"CUCCOVILLO, RICARDO OSCAR","BUENOS AIRES","PARTIDO SOCIALISTA","http://www4.hcdn.gov.ar/fotos/rcuccovillo_small.jpg"
"CURRILEN, OSCAR RUBEN","CHUBUT","FRENTE PARA LA VICTORIA - PJ","http://www4.hcdn.gov.ar/fotos/ocurrilen_small.jpg"
"DATO, ALFREDO CARLOS","TUCUMAN","FRENTE PARA LA VICTORIA - PJ","http://www4.hcdn.gov.ar/fotos/adato_small.jpg"
"DE FERRARI RUEDA, PATRICIA","CORDOBA","UCR","http://www4.hcdn.gov.ar/fotos/pdeferrarir_small.jpg"
"DE GENNARO, VICTOR NORBERTO","BUENOS AIRES","UNIDAD POPULAR","http://www4.hcdn.gov.ar/fotos/vdegennaro_small.jpg"
"DE MARCHI, OMAR BRUNO","MENDOZA","DEMOCRATA DE MENDOZA","http://www4.hcdn.gov.ar/fotos/odemarchi_small.jpg"
"DE NARVAEZ, FRANCISCO","BUENOS AIRES","FRENTE PERONISTA","http://www4.hcdn.gov.ar/fotos/fdenarvaez_small.jpg"
"DE PEDRO, EDUARDO ENRIQUE","BUENOS AIRES","FRENTE PARA LA VICTORIA - PJ","http://www4.hcdn.gov.ar/fotos/edepedro_small.jpg"
"PRAT-GAY, ALFONSO","CIUDAD de BUENOS AIRES","COALICION CIVICA - ARI","http://www4.hcdn.gov.ar/fotos/apratgay_small.jpg"
"PRAT GAY, ALFONSO","CIUDAD de BUENOS AIRES","COALICION CIVICA - ARI","http://www4.hcdn.gov.ar/fotos/apratgay_small.jpg"
"DE PETRI, EDGARDO FERNANDO","BUENOS AIRES","FRENTE PARA LA VICTORIA - PJ","http://www4.hcdn.gov.ar/fotos/edepetri_small.jpg"
"DI TULLIO, JULIANA","BUENOS AIRES","FRENTE PARA LA VICTORIA - PJ","http://www4.hcdn.gov.ar/fotos/jditullio_small.jpg"
"DIAZ BANCALARI, JOSE MARIA","BUENOS AIRES","FRENTE PARA LA VICTORIA - PJ","http://www4.hcdn.gov.ar/fotos/jdiaz_small.jpg"
"DIAZ ROIG, JUAN CARLOS","FORMOSA","FRENTE PARA LA VICTORIA - PJ","http://www4.hcdn.gov.ar/fotos/jdiazr_small.jpg"
"DOMINGUEZ, JULIAN ANDRES","BUENOS AIRES","FRENTE PARA LA VICTORIA - PJ","http://www4.hcdn.gov.ar/fotos/jdominguez_small.jpg"
"DONDA PEREZ, VICTORIA ANALIA","BUENOS AIRES","LIBRES DEL SUR","http://www4.hcdn.gov.ar/fotos/vdondap_small.jpg"
"DONKIN, CARLOS GUILLERMO","FORMOSA","FRENTE PARA LA VICTORIA - PJ","http://www4.hcdn.gov.ar/fotos/cdonkin_small.jpg"
"DUCLOS, OMAR ARNALDO","BUENOS AIRES","GEN","http://www4.hcdn.gov.ar/fotos/oduclos_small.jpg"
"ELORRIAGA, OSVALDO ENRIQUE","ENTRE RIOS","FRENTE PARA LA VICTORIA - PJ","http://www4.hcdn.gov.ar/fotos/oelorriaga_small.jpg"
"ESPINDOLA, GLADYS SUSANA","CORDOBA","UCR","http://www4.hcdn.gov.ar/fotos/gespindola_small.jpg"
"FADUL, LILIANA","TIERRA DEL FUEGO","PARTIDO FEDERAL FUEGUINO","http://www4.hcdn.gov.ar/fotos/lfadul_small.jpg"
"FAUSTINELLI, HIPOLITO","CORDOBA","UCR","http://www4.hcdn.gov.ar/fotos/hfaustinelli_small.jpg"
"FAVARIO, CARLOS ALBERTO","SANTA FE","DEMOCRATA PROGRESISTA","http://www4.hcdn.gov.ar/fotos/cfavario_small.jpg"
"FELETTI, ROBERTO JOSE","CIUDAD de BUENOS AIRES","FRENTE PARA LA VICTORIA - PJ","http://www4.hcdn.gov.ar/fotos/rfeletti_small.jpg"
"FELIX, OMAR CHAFI","MENDOZA","FRENTE PARA LA VICTORIA - PJ","http://www4.hcdn.gov.ar/fotos/ofelix_small.jpg"
"FERNANDEZ, RODOLFO ALFREDO","CORRIENTES","UCR","http://www4.hcdn.gov.ar/fotos/rfernandez_small.jpg"
"FERNANDEZ SAGASTI, ANABEL","MENDOZA","FRENTE PARA LA VICTORIA - PJ","http://www4.hcdn.gov.ar/fotos/afernandezs_small.jpg"
"FERRA DE BARTOL, MARGARITA","SAN JUAN","FRENTE PARA LA VICTORIA - PJ","http://www4.hcdn.gov.ar/fotos/mferra_small.jpg"
"FERRARI, GUSTAVO ALFREDO HORACIO","BUENOS AIRES","FRENTE PERONISTA","http://www4.hcdn.gov.ar/fotos/gferrari_small.jpg"
"FERREYRA, ARACELI","CORRIENTES","FRENTE PARA LA VICTORIA - PJ","http://www4.hcdn.gov.ar/fotos/aferreyra_small.jpg"
"FIAD, MARIO RAYMUNDO","JUJUY","UCR","http://www4.hcdn.gov.ar/fotos/mfiad_small.jpg"
"FIORE VIÑUALES, MARIA CRISTINA DEL VALLE","SALTA","RENOVADOR DE SALTA","http://www4.hcdn.gov.ar/fotos/mfiorev_small.jpg"
"FORCONI, JUAN CARLOS","SANTA FE","FRENTE PARA LA VICTORIA - PJ","http://www4.hcdn.gov.ar/fotos/jforconi_small.jpg"
"FORTE, ULISES UMBERTO JOSE","LA PAMPA","UCR","http://www4.hcdn.gov.ar/fotos/uforte_small.jpg"
"FORTUNA, FRANCISCO JOSE","CORDOBA","CORDOBA FEDERAL","http://www4.hcdn.gov.ar/fotos/ffortuna_small.jpg"
"FRANCIONI, FABIAN MARCELO","CORDOBA","FRENTE PARA LA VICTORIA - PJ","http://www4.hcdn.gov.ar/fotos/ffrancioni_small.jpg"
"GALLARDO, MIRIAM GRACIELA","TUCUMAN","FRENTE PARA LA VICTORIA - PJ","http://www4.hcdn.gov.ar/fotos/mgallardo_small.jpg"
"GAMBARO, NATALIA","BUENOS AIRES","FRENTE PERONISTA","http://www4.hcdn.gov.ar/fotos/ngambaro_small.jpg"
"GARCIA, ANDREA FABIANA","BUENOS AIRES","FRENTE PARA LA VICTORIA - PJ","http://www4.hcdn.gov.ar/fotos/agarcia_small.jpg"
"GARCIA, MARIA TERESA","BUENOS AIRES","FRENTE PARA LA VICTORIA - PJ","http://www4.hcdn.gov.ar/fotos/mgarcia_small.jpg"
"GARCIA LARRABURU, SILVINA MARCELA","RIO NEGRO","FRENTE PARA LA VICTORIA - PJ","http://www4.hcdn.gov.ar/fotos/sgarcial_small.jpg"
"GARNERO, ESTELA RAMONA","CORDOBA","CORDOBA FEDERAL","http://www4.hcdn.gov.ar/fotos/egarnero_small.jpg"
"GARRAMUÑO, JORGE ALBERTO","TIERRA DEL FUEGO","MOV POP FUEGUINO","http://www4.hcdn.gov.ar/fotos/jgarramuno_small.jpg"
"GARRIDO, MANUEL","CIUDAD de BUENOS AIRES","UCR","http://www4.hcdn.gov.ar/fotos/mgarrido_small.jpg"
"GDANSKY, CARLOS ENRIQUE","BUENOS AIRES","FRENTE PARA LA VICTORIA - PJ","http://www4.hcdn.gov.ar/fotos/cgdansky_small.jpg"
"GERMANO, DANIEL","SANTA FE","FRENTE PERONISTA","http://www4.hcdn.gov.ar/fotos/dgermano_small.jpg"
"GIACCONE, CLAUDIA ALEJANDRA","SANTA FE","FRENTE PARA LA VICTORIA - PJ","http://www4.hcdn.gov.ar/fotos/cgiaccone_small.jpg"
"GIACOMINO, DANIEL OSCAR","CORDOBA","FRENTE PARA LA VICTORIA - PJ","http://www4.hcdn.gov.ar/fotos/dgiacomino_small.jpg"
"GIANNETTASIO, GRACIELA MARIA","BUENOS AIRES","FRENTE PARA LA VICTORIA - PJ","http://www4.hcdn.gov.ar/fotos/ggiannettasio_small.jpg"
"GIL LAVEDRA, RICARDO RODOLFO","CIUDAD de BUENOS AIRES","UCR","http://www4.hcdn.gov.ar/fotos/rgill_small.jpg"
"GIUBERGIA, MIGUEL ANGEL","JUJUY","UCR","http://www4.hcdn.gov.ar/fotos/mgiubergia_small.jpg"
"GONZALEZ, GLADYS ESTHER","BUENOS AIRES","PRO","http://www4.hcdn.gov.ar/fotos/ggonzalez_small.jpg"
"GONZALEZ, JUAN DANTE","MENDOZA","FRENTE PARA LA VICTORIA - PJ","http://www4.hcdn.gov.ar/fotos/jgonzalez_small.jpg"
"GONZALEZ, NANCY SUSANA","CHUBUT","FRENTE PARA LA VICTORIA - PJ","http://www4.hcdn.gov.ar/fotos/ngonzalez_small.jpg"
"GRANADOS, DULCE","BUENOS AIRES","FRENTE PARA LA VICTORIA - PJ","http://www4.hcdn.gov.ar/fotos/dgranados_small.jpg"
"GROSSO, LEONARDO","BUENOS AIRES","FRENTE PARA LA VICTORIA - PJ","http://www4.hcdn.gov.ar/fotos/lgrosso_small.jpg"
"GUCCIONE, JOSE DANIEL","MISIONES","FRENTE PARA LA VICTORIA - PJ","http://www4.hcdn.gov.ar/fotos/jguccione_small.jpg"
"GUTIERREZ, MONICA EDITH","CORDOBA","FRENTE PARA LA VICTORIA - PJ","http://www4.hcdn.gov.ar/fotos/mgutierrez_small.jpg"
"GUZMAN, OLGA ELIZABETH","NEUQUEN","MOV POP NEUQUINO","http://www4.hcdn.gov.ar/fotos/oguzman_small.jpg"
"HARISPE, GASTON","BUENOS AIRES","NUEVO ENCUENTRO","http://www4.hcdn.gov.ar/fotos/gharispe_small.jpg"
"HELLER, CARLOS SALOMON","CIUDAD de BUENOS AIRES","NUEVO ENCUENTRO","http://www4.hcdn.gov.ar/fotos/cheller_small.jpg"
"HERRERA, JOSE ALBERTO","SANTIAGO DEL ESTERO","FRENTE CIVICO POR SANTIAGO","http://www4.hcdn.gov.ar/fotos/jherrera_small.jpg"
"HERRERA, GRISELDA NOEMI","LA RIOJA","FRENTE PARA LA VICTORIA - PJ","http://www4.hcdn.gov.ar/fotos/gherrera_small.jpg"
"IANNI, ANA MARIA","SANTA CRUZ","FRENTE PARA LA VICTORIA - PJ","http://www4.hcdn.gov.ar/fotos/aianni_small.jpg"
"IBARRA, EDUARDO MAURICIO","SAN JUAN","UNION POR SAN JUAN","http://www4.hcdn.gov.ar/fotos/eibarra_small.jpg"
"ITURRASPE, NORA GRACIELA","BUENOS AIRES","UNIDAD POPULAR","http://www4.hcdn.gov.ar/fotos/giturraspe_small.jpg"
"JUNIO, JUAN CARLOS","CIUDAD de BUENOS AIRES","NUEVO ENCUENTRO","http://www4.hcdn.gov.ar/fotos/jcjunio_small.jpg"
"JURI, MARIANA","MENDOZA","UCR","http://www4.hcdn.gov.ar/fotos/mjuri_small.jpg"
"KOSINER, PABLO FRANCISCO JUAN","SALTA","FRENTE PARA LA VICTORIA - PJ","http://www4.hcdn.gov.ar/fotos/pkosiner_small.jpg"
"KRONEBERGER, DANIEL RICARDO","LA PAMPA","UCR","http://www4.hcdn.gov.ar/fotos/dkroneberger_small.jpg"
"KUNKEL, CARLOS MIGUEL","BUENOS AIRES","FRENTE PARA LA VICTORIA - PJ","http://www4.hcdn.gov.ar/fotos/ckunkel_small.jpg"
"LANDAU, JORGE ALBERTO","BUENOS AIRES","FRENTE PARA LA VICTORIA - PJ","http://www4.hcdn.gov.ar/fotos/jlandau_small.jpg"
"LARROQUE, ANDRES","CIUDAD de BUENOS AIRES","FRENTE PARA LA VICTORIA - PJ","http://www4.hcdn.gov.ar/fotos/alarroque_small.jpg"
"LEDESMA, JULIO RUBEN","BUENOS AIRES","CORRIENTE DE PENSAMIENTO FEDERAL","http://www4.hcdn.gov.ar/fotos/jledesma_small.jpg"
"LEVERBERG, STELLA MARIS","MISIONES","FRENTE PARA LA VICTORIA - PJ","http://www4.hcdn.gov.ar/fotos/sleverberg_small.jpg"
"LINARES, MARIA VIRGINIA","BUENOS AIRES","GEN","http://www4.hcdn.gov.ar/fotos/vlinares_small.jpg"
"LLANOS, ERMINDO EDGARDO MARCELO","JUJUY","FRENTE PARA LA VICTORIA - PJ","http://www4.hcdn.gov.ar/fotos/eellanos_small.jpg"
"LOTTO, INES BEATRIZ","FORMOSA","FRENTE PARA LA VICTORIA - PJ","http://www4.hcdn.gov.ar/fotos/ilotto_small.jpg"
"LOZANO, CLAUDIO","CIUDAD de BUENOS AIRES","UNIDAD POPULAR","http://www4.hcdn.gov.ar/fotos/clozano_small.jpg"
"MAJDALANI, SILVIA CRISTINA","BUENOS AIRES","PRO","http://www4.hcdn.gov.ar/fotos/smajdalani_small.jpg"
"MALDONADO, VICTOR HUGO","CHACO","UCR","http://www4.hcdn.gov.ar/fotos/vmaldonado_small.jpg"
"MARTINEZ, OSCAR ARIEL","SANTA FE","FRENTE PARA LA VICTORIA - PJ","http://www4.hcdn.gov.ar/fotos/omartinez_small.jpg"
"MARTINEZ, JULIO CESAR","LA RIOJA","UCR","http://www4.hcdn.gov.ar/fotos/jmartinez_small.jpg"
"MARTINEZ, ERNESTO FELIX","CORDOBA","FRENTE CIVICO - CORDOBA","http://www4.hcdn.gov.ar/fotos/emartinezc_small.jpg"
"MARTINEZ, SOLEDAD","BUENOS AIRES","PRO","http://www4.hcdn.gov.ar/fotos/smartinez_small.jpg"
"MAZZARELLA, SUSANA DEL VALLE","CORDOBA","FRENTE CIVICO - CORDOBA","http://www4.hcdn.gov.ar/fotos/smazzarelladelv_small.jpg"
"MENDOZA, MAYRA SOLEDAD","BUENOS AIRES","FRENTE PARA LA VICTORIA - PJ","http://www4.hcdn.gov.ar/fotos/mmendoza_small.jpg"
"MENDOZA, SANDRA MARCELA","CHACO","FRENTE PARA LA VICTORIA - PJ","http://www4.hcdn.gov.ar/fotos/smendoza_small.jpg"
"METAZA, MARIO ALFREDO","SANTA CRUZ","FRENTE PARA LA VICTORIA - PJ","http://www4.hcdn.gov.ar/fotos/mmetaza_small.jpg"
"MICHETTI, MARTA GABRIELA","CIUDAD de BUENOS AIRES","PRO","http://www4.hcdn.gov.ar/fotos/gmichetti_small.jpg"
"MILMAN, GERARDO FABIAN","BUENOS AIRES","GEN","http://www4.hcdn.gov.ar/fotos/gmilman_small.jpg"
"MOLAS, PEDRO OMAR","CATAMARCA","FRENTE CIVICO Y SOCIAL DE CATAMARCA","http://www4.hcdn.gov.ar/fotos/pmolas_small.jpg"
"MOLINA, MANUEL ISAURO","CATAMARCA","FRENTE PARA LA VICTORIA - PJ","http://www4.hcdn.gov.ar/fotos/mmolina_small.jpg"
"MONGELO, JOSE RICARDO","CHACO","FRENTE PARA LA VICTORIA - PJ","http://www4.hcdn.gov.ar/fotos/jmongelo_small.jpg"
"MORENO, CARLOS JULIO","BUENOS AIRES","FRENTE PARA LA VICTORIA - PJ","http://www4.hcdn.gov.ar/fotos/cmoreno_small.jpg"
"MOUILLERON, ROBERTO MARIO","BUENOS AIRES","UNION PERONISTA","http://www4.hcdn.gov.ar/fotos/rmouilleron_small.jpg"
"MOYANO, JUAN FACUNDO","BUENOS AIRES","FRENTE PARA LA VICTORIA - PJ","http://www4.hcdn.gov.ar/fotos/fmoyano_small.jpg"
"MULLER, MABEL HILDA","BUENOS AIRES","FRENTE PARA LA VICTORIA - PJ","http://www4.hcdn.gov.ar/fotos/mmuller_small.jpg"
"MULLER, EDGAR RAUL","CORDOBA","FRENTE PERONISTA","http://www4.hcdn.gov.ar/fotos/emuller_small.jpg"
"NAVARRO, GRACIELA","SANTIAGO DEL ESTERO","FRENTE CIVICO POR SANTIAGO","http://www4.hcdn.gov.ar/fotos/gnavarro_small.jpg"
"NEBREDA, CARMEN ROSA","CORDOBA","FRENTE PARA LA VICTORIA - PJ","http://www4.hcdn.gov.ar/fotos/cnebreda_small.jpg"
"NEGRI, MARIO RAUL","CORDOBA","UCR","http://www4.hcdn.gov.ar/fotos/mnegri_small.jpg"
"OBIGLIO, JULIAN MARTIN","CIUDAD de BUENOS AIRES","PRO","http://www4.hcdn.gov.ar/fotos/jobiglio_small.jpg"
"OCAÑA, MARIA GRACIELA","BUENOS AIRES","UNIDAD PARA EL DESARROLLO SOCIAL Y LA EQUIDAD","http://www4.hcdn.gov.ar/fotos/mocana_small.jpg"
"OLIVA, CRISTIAN RODOLFO","SANTIAGO DEL ESTERO","FRENTE CIVICO POR SANTIAGO","http://www4.hcdn.gov.ar/fotos/coliva_small.jpg"
"OLMEDO, ALFREDO HORACIO","SALTA","SALTA SOMOS TODOS","http://www4.hcdn.gov.ar/fotos/aolmedo_small.jpg"
"OPORTO, MARIO NESTOR","BUENOS AIRES","FRENTE PARA LA VICTORIA - PJ","http://www4.hcdn.gov.ar/fotos/moporto_small.jpg"
"ORSOLINI, PABLO EDUARDO","CHACO","UCR","http://www4.hcdn.gov.ar/fotos/porsolini_small.jpg"
"ORTIZ, MARIELA","JUJUY","FRENTE PARA LA VICTORIA - PJ","http://www4.hcdn.gov.ar/fotos/mortiz_small.jpg"
"ORTIZ CORREA, MARCIA SARA MARIA","CATAMARCA","FRENTE PARA LA VICTORIA - PJ","http://www4.hcdn.gov.ar/fotos/mortizcorrea_small.jpg"
"PAIS, JUAN MARIO","CHUBUT","FRENTE PARA LA VICTORIA - PJ","http://www4.hcdn.gov.ar/fotos/jpais_small.jpg"
"PANSA, SERGIO HORACIO","SAN LUIS","FRENTE PERONISTA","http://www4.hcdn.gov.ar/fotos/spansa_small.jpg"
"PARADA, LILIANA BEATRIZ","CIUDAD de BUENOS AIRES","UNIDAD POPULAR","http://www4.hcdn.gov.ar/fotos/lparada_small.jpg"
"PASTORIZA, MIRTA AMELIANA","SANTIAGO DEL ESTERO","FRENTE CIVICO POR SANTIAGO","http://www4.hcdn.gov.ar/fotos/mpastoriza_small.jpg"
"PERALTA, FABIAN FRANCISCO","SANTA FE","GEN","http://www4.hcdn.gov.ar/fotos/fperalta_small.jpg"
"PEREZ, ALBERTO JOSE","SAN LUIS","FRENTE PERONISTA","http://www4.hcdn.gov.ar/fotos/ajperez_small.jpg"
"PERIE, JULIA ARGENTINA","MISIONES","FRENTE PARA LA VICTORIA - PJ","http://www4.hcdn.gov.ar/fotos/jperie_small.jpg"
"PEROTTI, OMAR ANGEL","SANTA FE","FRENTE PARA LA VICTORIA - PJ","http://www4.hcdn.gov.ar/fotos/operotti_small.jpg"
"PERRONI, ANA MARIA","CORRIENTES","FRENTE PARA LA VICTORIA - PJ","http://www4.hcdn.gov.ar/fotos/aperroni_small.jpg"
"PIEMONTE, HECTOR HORACIO","BUENOS AIRES","COALICION CIVICA - ARI","http://www4.hcdn.gov.ar/fotos/hpiemonte_small.jpg"
"PIETRAGALLA CORTI, HORACIO","BUENOS AIRES","FRENTE PARA LA VICTORIA - PJ","http://www4.hcdn.gov.ar/fotos/hpietragallac_small.jpg"
"PILATTI VERGARA, MARIA INES","CHACO","FRENTE PARA LA VICTORIA - PJ","http://www4.hcdn.gov.ar/fotos/mpilattiv_small.jpg"
"PINEDO, FEDERICO","CIUDAD de BUENOS AIRES","PRO","http://www4.hcdn.gov.ar/fotos/fpinedo_small.jpg"
"PLAINI, FRANCISCO OMAR","BUENOS AIRES","FRENTE PARA LA VICTORIA - PJ","http://www4.hcdn.gov.ar/fotos/oplaini_small.jpg"
"PORTELA, AGUSTIN ALBERTO","CORRIENTES","UCR","http://www4.hcdn.gov.ar/fotos/aportela_small.jpg"
"PRADINES, ROBERTO ARTURO","MENDOZA","DEMOCRATA DE MENDOZA","http://www4.hcdn.gov.ar/fotos/rpradines_small.jpg"
"PUCHETA, RAMONA","BUENOS AIRES","SOCIALISTA DEL MIJD","http://www4.hcdn.gov.ar/fotos/rpucheta_small.jpg"
"PUERTA, FEDERICO RAMON","MISIONES","FRENTE PERONISTA","http://www4.hcdn.gov.ar/fotos/fpuerta_small.jpg"
"PUIGGROS, ADRIANA VICTORIA","BUENOS AIRES","FRENTE PARA LA VICTORIA - PJ","http://www4.hcdn.gov.ar/fotos/apuiggros_small.jpg"
"RAIMUNDI, CARLOS ALBERTO","BUENOS AIRES","NUEVO ENCUENTRO","http://www4.hcdn.gov.ar/fotos/craimundi_small.jpg"
"RASINO, ELIDA ELENA","SANTA FE","PARTIDO SOCIALISTA","http://www4.hcdn.gov.ar/fotos/erasino_small.jpg"
"RE, HILMA LEONOR","ENTRE RIOS","COALICION CIVICA - ARI","http://www4.hcdn.gov.ar/fotos/hre_small.jpg"
"RECALDE, HECTOR PEDRO","BUENOS AIRES","FRENTE PARA LA VICTORIA - PJ","http://www4.hcdn.gov.ar/fotos/hrecalde_small.jpg"
"REDCZUK, OSCAR FELIPE","MISIONES","FRENTE PARA LA VICTORIA - PJ","http://www4.hcdn.gov.ar/fotos/oredczuk_small.jpg"
"REGAZZOLI, MARIA CRISTINA","LA PAMPA","PARTIDO JUSTICIALISTA LA PAMPA","http://www4.hcdn.gov.ar/fotos/mregazzoli_small.jpg"
"RIESTRA, ANTONIO SABINO","SANTA FE","UNIDAD POPULAR","http://www4.hcdn.gov.ar/fotos/ariestra_small.jpg"
"RIOS, LILIANA MARIA","ENTRE RIOS","FRENTE PARA LA VICTORIA - PJ","http://www4.hcdn.gov.ar/fotos/lrios_small.jpg"
"RIOS, ROBERTO FABIAN","CORRIENTES","FRENTE PARA LA VICTORIA - PJ","http://www4.hcdn.gov.ar/fotos/frios_small.jpg"
"RISKO, SILVIA LUCRECIA","MISIONES","FRENTE PARA LA VICTORIA - PJ","http://www4.hcdn.gov.ar/fotos/srisko_small.jpg"
"RIVARA, RAUL ALBERTO","BUENOS AIRES","UNION PERONISTA","http://www4.hcdn.gov.ar/fotos/rrivara_small.jpg"
"RIVAROLA, RUBEN ARMANDO","JUJUY","FRENTE PARA LA VICTORIA - PJ","http://www4.hcdn.gov.ar/fotos/rrivarola_small.jpg"
"RIVAS, JORGE","BUENOS AIRES","FRENTE PARA LA VICTORIA - PJ","http://www4.hcdn.gov.ar/fotos/jrivas_small.jpg"
"ROBERTI, ALBERTO OSCAR","BUENOS AIRES","FRENTE RENOVADOR PERONISTA","http://www4.hcdn.gov.ar/fotos/aroberti_small.jpg"
"ROBLEDO, ROBERTO RICARDO","LA PAMPA","PARTIDO JUSTICIALISTA LA PAMPA","http://www4.hcdn.gov.ar/fotos/rrobledo_small.jpg"
"RODRIGUEZ, MARCELA VIRGINIA","BUENOS AIRES","DEMOCRACIA IGUALITARIA Y PARTICIPATIVA (D.I.P.)","http://www4.hcdn.gov.ar/fotos/mrodriguez_small.jpg"
"ROGEL, FABIAN DULIO","ENTRE RIOS","UCR","http://www4.hcdn.gov.ar/fotos/frogel_small.jpg"
"ROSSI, AGUSTIN OSCAR","SANTA FE","FRENTE PARA LA VICTORIA - PJ","http://www4.hcdn.gov.ar/fotos/arossi_small.jpg"
"RUCCI, CLAUDIA MONICA","BUENOS AIRES","FRENTE PERONISTA","http://www4.hcdn.gov.ar/fotos/crucci_small.jpg"
"RUIZ, AIDA DELIA","SANTIAGO DEL ESTERO","FRENTE CIVICO POR SANTIAGO","http://www4.hcdn.gov.ar/fotos/aruiz_small.jpg"
"SABBATELLA, MARTIN","BUENOS AIRES","NUEVO ENCUENTRO","http://www4.hcdn.gov.ar/fotos/msabbatella_small.jpg"
"SACCA, LUIS FERNANDO","TUCUMAN","UCR","http://www4.hcdn.gov.ar/fotos/lsacca_small.jpg"
"SALIM, JUAN ARTURO","TUCUMAN","FRENTE PARA LA VICTORIA - PJ","http://www4.hcdn.gov.ar/fotos/jsalim_small.jpg"
"SANTILLAN, WALTER MARCELO","TUCUMAN","FRENTE PARA LA VICTORIA - PJ","http://www4.hcdn.gov.ar/fotos/wsantillan_small.jpg"
"SANTIN, EDUARDO","BUENOS AIRES","UCR","http://www4.hcdn.gov.ar/fotos/esantin_small.jpg"
"SCHMIDT LIERMANN, CORNELIA","CIUDAD de BUENOS AIRES","PRO","http://www4.hcdn.gov.ar/fotos/csliermann_small.jpg"
"SCIUTTO, RUBEN DARIO","TIERRA DEL FUEGO","FRENTE PARA LA VICTORIA - PJ","http://www4.hcdn.gov.ar/fotos/rsciutto_small.jpg"
"SEGARRA, ADELA ROSA","BUENOS AIRES","FRENTE PARA LA VICTORIA - PJ","http://www4.hcdn.gov.ar/fotos/asegarra_small.jpg"
"SIMONCINI, SILVIA ROSA","SANTA FE","FRENTE PARA LA VICTORIA - PJ","http://www4.hcdn.gov.ar/fotos/ssimoncini_small.jpg"
"SOLA, FELIPE CARLOS","BUENOS AIRES","UNION PERONISTA","http://www4.hcdn.gov.ar/fotos/fsola_small.jpg"
"SOLANAS, FERNANDO EZEQUIEL","CIUDAD de BUENOS AIRES","MOVIMIENTO PROYECTO SUR","http://www4.hcdn.gov.ar/fotos/fsolanas_small.jpg"
"SOLANAS, JULIO RODOLFO","ENTRE RIOS","FRENTE PARA LA VICTORIA - PJ","http://www4.hcdn.gov.ar/fotos/jsolanas_small.jpg"
"SOTO, GLADYS BEATRIZ","CHACO","FRENTE PARA LA VICTORIA - PJ","http://www4.hcdn.gov.ar/fotos/gsoto_small.jpg"
"STOLBIZER, MARGARITA ROSA","BUENOS AIRES","GEN","http://www4.hcdn.gov.ar/fotos/mstolbizer_small.jpg"
"STORANI, MARIA LUISA","BUENOS AIRES","UCR","http://www4.hcdn.gov.ar/fotos/mstorani_small.jpg"
"TERADA, ALICIA","CHACO","COALICION CIVICA - ARI","http://www4.hcdn.gov.ar/fotos/aterada_small.jpg"
"THOMAS, ENRIQUE LUIS","MENDOZA","FRENTE PERONISTA","http://www4.hcdn.gov.ar/fotos/ethomas_small.jpg"
"TINEO, JAVIER HECTOR","LA RIOJA","FRENTE PARA LA VICTORIA - PJ","http://www4.hcdn.gov.ar/fotos/jtineo_small.jpg"
"TOMAS, HECTOR DANIEL","SAN JUAN","FRENTE PARA LA VICTORIA - PJ","http://www4.hcdn.gov.ar/fotos/htomas_small.jpg"
"TONELLI, PABLO GABRIEL","CIUDAD de BUENOS AIRES","PRO","http://www4.hcdn.gov.ar/fotos/ptonelli_small.jpg"
"TRIACA, ALBERTO JORGE","CIUDAD de BUENOS AIRES","PRO","http://www4.hcdn.gov.ar/fotos/atriaca_small.jpg"
"TUNESSI, JUAN PEDRO","BUENOS AIRES","UCR","http://www4.hcdn.gov.ar/fotos/jtunessi_small.jpg"
"UÑAC, JOSE RUBEN","SAN JUAN","FRENTE PARA LA VICTORIA - PJ","http://www4.hcdn.gov.ar/fotos/junac_small.jpg"
"VALINOTTO, JORGE ANSELMO","CORDOBA","FRENTE CIVICO - CORDOBA","http://www4.hcdn.gov.ar/fotos/jvalinotto_small.jpg"
"VAQUIE, ENRIQUE ANDRES","MENDOZA","UCR","http://www4.hcdn.gov.ar/fotos/evaquie_small.jpg"
"VEAUTE, MARIANA ALEJANDRA","CATAMARCA","FRENTE CIVICO Y SOCIAL DE CATAMARCA","http://www4.hcdn.gov.ar/fotos/mveaute_small.jpg"
"VIDELA, NORA ESTHER","SAN LUIS","FRENTE PERONISTA","http://www4.hcdn.gov.ar/fotos/nvidela_small.jpg"
"VILARIÑO, JOSE ANTONIO","SALTA","FRENTE PARA LA VICTORIA - PJ","http://www4.hcdn.gov.ar/fotos/jvilarino_small.jpg"
"VILLA, JOSE ANTONIO","SAN JUAN","FRENTE PARA LA VICTORIA - PJ","http://www4.hcdn.gov.ar/fotos/jvilla_small.jpg"
"VILLATA, GRACIELA SUSANA","CORDOBA","FRENTE CIVICO - CORDOBA","http://www4.hcdn.gov.ar/fotos/gvillata_small.jpg"
"WAYAR, WALTER RAUL","SALTA","FRENTE PERONISTA FEDERAL","http://www4.hcdn.gov.ar/fotos/wwayar_small.jpg"
"YAGUE, LINDA CRISTINA","NEUQUEN","UCR","http://www4.hcdn.gov.ar/fotos/lyague_small.jpg"
"YARADE, FERNANDO","SALTA","FRENTE PARA LA VICTORIA - PJ","http://www4.hcdn.gov.ar/fotos/fyarade_small.jpg"
"YAZBEK, RUBEN DAVID","CATAMARCA","FRENTE PARA LA VICTORIA - PJ","http://www4.hcdn.gov.ar/fotos/ryazbek_small.jpg"
"YOMA, JORGE RAUL","LA RIOJA","FRENTE PARA LA VICTORIA - PJ","http://www4.hcdn.gov.ar/fotos/jyoma_small.jpg"
"ZABALZA, JUAN CARLOS","SANTA FE","PARTIDO SOCIALISTA","http://www4.hcdn.gov.ar/fotos/jzabalza_small.jpg"
"ZAMARREÑO, MARIA EUGENIA","BUENOS AIRES","FRENTE PARA LA VICTORIA - PJ","http://www4.hcdn.gov.ar/fotos/mzamarreno_small.jpg"
"ZIEBART, CRISTINA ISABEL","CHUBUT","FRENTE PARA LA VICTORIA - PJ","http://www4.hcdn.gov.ar/fotos/cziebart_small.jpg"
"ZIEGLER, ALEX ROBERTO","MISIONES","FRENTE PARA LA VICTORIA - PJ","http://www4.hcdn.gov.ar/fotos/aziegler_small.jpg"
